{"v":"5.4.1","fr":30,"ip":0,"op":51,"w":960,"h":960,"nm":"fin1","ddd":0,"assets":[],"layers":[{"ddd":0,"ind":1,"ty":3,"nm":"basicSlide","sr":1,"ks":{"o":{"a":0,"k":0,"ix":11},"r":{"a":0,"k":0,"ix":10},"p":{"a":0,"k":[480,480,0],"ix":2},"a":{"a":0,"k":[0,0,0],"ix":1},"s":{"a":0,"k":[100,100,100],"ix":6}},"ao":0,"ef":[{"ty":5,"nm":"Slider Control","np":3,"mn":"ADBE Slider Control","ix":1,"en":1,"ef":[{"ty":0,"nm":"Slider","mn":"ADBE Slider Control-0001","ix":1,"v":{"a":1,"k":[{"i":{"x":[0.1],"y":[1]},"o":{"x":[0.84],"y":[0]},"n":["0p1_1_0p84_0"],"t":23,"s":[0],"e":[100]},{"t":37}],"ix":1}}]}],"ip":0,"op":51,"st":0,"bm":0},{"ddd":0,"ind":2,"ty":4,"nm":"boltCore","parent":10,"sr":1,"ks":{"o":{"a":0,"k":100,"ix":11},"r":{"a":0,"k":0,"ix":10},"p":{"a":0,"k":[0,0,0],"ix":2},"a":{"a":0,"k":[0,0,0],"ix":1},"s":{"a":0,"k":[100,100,100],"ix":6}},"ao":0,"shapes":[{"ty":"gr","it":[{"ind":0,"ty":"sh","ix":1,"ks":{"a":0,"k":{"i":[[0,-10.493],[10.493,0],[0,10.493],[-10.493,0]],"o":[[0,10.493],[-10.493,0],[0,-10.493],[10.493,0]],"v":[[19,0],[0,19],[-19,0],[0,-19]],"c":true},"ix":2},"nm":"Path 1","mn":"ADBE Vector Shape - Group","hd":false},{"ty":"fl","c":{"a":0,"k":[1,1,1,1],"ix":4},"o":{"a":0,"k":100,"ix":5},"r":1,"nm":".anim-mask","mn":"ADBE Vector Graphic - Fill","hd":false,"cl":"anim-mask"},{"ty":"tr","p":{"a":0,"k":[0,0],"ix":2},"a":{"a":0,"k":[0,0],"ix":1},"s":{"a":0,"k":[100,100],"ix":3},"r":{"a":0,"k":0,"ix":6},"o":{"a":0,"k":100,"ix":7},"sk":{"a":0,"k":0,"ix":4},"sa":{"a":0,"k":0,"ix":5},"nm":"Transform"}],"nm":"boltCore","np":2,"cix":2,"ix":1,"mn":"ADBE Vector Group","hd":false}],"ip":0,"op":51,"st":0,"bm":0},{"ddd":0,"ind":3,"ty":4,"nm":"boltHead","parent":10,"sr":1,"ks":{"o":{"a":0,"k":100,"ix":11},"r":{"a":0,"k":0,"ix":10},"p":{"a":0,"k":[0,0,0],"ix":2},"a":{"a":0,"k":[0,0,0],"ix":1},"s":{"a":0,"k":[100,100,100],"ix":6}},"ao":0,"shapes":[{"ty":"gr","it":[{"ind":0,"ty":"sh","ix":1,"ks":{"a":0,"k":{"i":[[0,0],[0,0],[0,0],[0,0],[0,0],[0,0]],"o":[[0,0],[0,0],[0,0],[0,0],[0,0],[0,0]],"v":[[25,-43.301],[-25,-43.301],[-50,0],[-25,43.301],[25,43.301],[50,0]],"c":true},"ix":2},"nm":"Path 1","mn":"ADBE Vector Shape - Group","hd":false},{"ty":"fl","c":{"a":0,"k":[0.439215689898,0.439215689898,0.439215689898,1],"ix":4},"o":{"a":0,"k":100,"ix":5},"r":1,"nm":".anim-color","mn":"ADBE Vector Graphic - Fill","hd":false,"cl":"anim-color"},{"ty":"tr","p":{"a":0,"k":[0,0],"ix":2},"a":{"a":0,"k":[0,0],"ix":1},"s":{"a":0,"k":[100,100],"ix":3},"r":{"a":0,"k":0,"ix":6},"o":{"a":0,"k":100,"ix":7},"sk":{"a":0,"k":0,"ix":4},"sa":{"a":0,"k":0,"ix":5},"nm":"Transform"}],"nm":"boltHead","np":2,"cix":2,"ix":1,"mn":"ADBE Vector Group","hd":false}],"ip":0,"op":51,"st":0,"bm":0},{"ddd":0,"ind":4,"ty":4,"nm":"headHole 2","parent":10,"sr":1,"ks":{"o":{"a":0,"k":100,"ix":11},"r":{"a":0,"k":0,"ix":10},"p":{"a":0,"k":[0,0,0],"ix":2},"a":{"a":0,"k":[0,0,0],"ix":1},"s":{"a":0,"k":[100,100,100],"ix":6}},"ao":0,"shapes":[{"ty":"gr","it":[{"ind":0,"ty":"sh","ix":1,"ks":{"a":0,"k":{"i":[[0,0],[0,0],[0,0],[0,0],[0,0],[0,0]],"o":[[0,0],[0,0],[0,0],[0,0],[0,0],[0,0]],"v":[[39.26,-68],[-39.26,-68],[-78.52,0],[-39.26,68],[39.26,68],[78.52,0]],"c":true},"ix":2},"nm":"Path 1","mn":"ADBE Vector Shape - Group","hd":false},{"ty":"fl","c":{"a":0,"k":[1,1,1,1],"ix":4},"o":{"a":0,"k":100,"ix":5},"r":1,"nm":".anim-mask","mn":"ADBE Vector Graphic - Fill","hd":false,"cl":"anim-mask"},{"ty":"tr","p":{"a":0,"k":[0,0],"ix":2},"a":{"a":0,"k":[0,0],"ix":1},"s":{"a":0,"k":[100,100],"ix":3},"r":{"a":0,"k":0,"ix":6},"o":{"a":0,"k":100,"ix":7},"sk":{"a":0,"k":0,"ix":4},"sa":{"a":0,"k":0,"ix":5},"nm":"Transform"}],"nm":"headHole","np":2,"cix":2,"ix":1,"mn":"ADBE Vector Group","hd":false}],"ip":0,"op":51,"st":0,"bm":0},{"ddd":0,"ind":5,"ty":4,"nm":"headHole","parent":9,"sr":1,"ks":{"o":{"a":0,"k":100,"ix":11},"r":{"a":0,"k":0,"ix":10},"p":{"a":0,"k":[0,0,0],"ix":2},"a":{"a":0,"k":[0,0,0],"ix":1},"s":{"a":0,"k":[100,100,100],"ix":6}},"ao":0,"shapes":[{"ty":"gr","it":[{"ind":0,"ty":"sh","ix":1,"ks":{"a":0,"k":{"i":[[0,0],[0,0],[0,0],[0,0],[0,0],[0,0]],"o":[[0,0],[0,0],[0,0],[0,0],[0,0],[0,0]],"v":[[39.26,-68],[-39.26,-68],[-78.52,0],[-39.26,68],[39.26,68],[78.52,0]],"c":true},"ix":2},"nm":"Path 1","mn":"ADBE Vector Shape - Group","hd":false},{"ty":"fl","c":{"a":0,"k":[1,1,1,1],"ix":4},"o":{"a":0,"k":100,"ix":5},"r":1,"nm":".anim-mask","mn":"ADBE Vector Graphic - Fill","hd":false,"cl":"anim-mask"},{"ty":"tr","p":{"a":0,"k":[0,0],"ix":2},"a":{"a":0,"k":[0,0],"ix":1},"s":{"a":0,"k":[100,100],"ix":3},"r":{"a":0,"k":0,"ix":6},"o":{"a":0,"k":100,"ix":7},"sk":{"a":0,"k":0,"ix":4},"sa":{"a":0,"k":0,"ix":5},"nm":"Transform"}],"nm":"headHole","np":2,"cix":2,"ix":1,"mn":"ADBE Vector Group","hd":false}],"ip":0,"op":51,"st":0,"bm":0},{"ddd":0,"ind":6,"ty":4,"nm":"boltCircle","parent":9,"sr":1,"ks":{"o":{"a":0,"k":100,"ix":11},"r":{"a":0,"k":0,"ix":10},"p":{"a":0,"k":[-367,0,0],"ix":2,"x":"var $bm_rt;\nfunction slider(inputValue) {\n    var contrl = thisComp.layer('basicSlide');\n    var contrlCurVal1 = contrl('ADBE Effect Parade')(1)('ADBE Slider Control-0001');\n    var k1 = [\n            113,\n            480,\n            0\n        ];\n    var k2 = [\n            848,\n            480,\n            0\n        ];\n    k1 = unArray(k1);\n    k2 = unArray(k2);\n    if (contrlCurVal1 >= 0) {\n        var resultAdd1 = linear(contrlCurVal1, 0, 100, k1, k2);\n    } else {\n        var resultAdd1 = sum(k1, sum($bm_neg(linear($bm_neg(contrlCurVal1), 0, 100, k1, k2)), k1));\n    }\n    var myResult = sum(resultAdd1, sub(inputValue, k1));\n    return myResult;\n}\nfunction unArray(inKey) {\n    if (inKey instanceof Array && inKey.length === 1) {\n        return inKey[0];\n    } else {\n        return inKey;\n    }\n}\n$bm_rt = slider(value);"},"a":{"a":0,"k":[-367,0,0],"ix":1},"s":{"a":0,"k":[100,100,100],"ix":6}},"ao":0,"shapes":[{"ty":"gr","it":[{"ind":0,"ty":"sh","ix":1,"ks":{"a":0,"k":{"i":[[0,-7.18],[7.18,0],[0,7.18],[-7.18,0]],"o":[[0,7.18],[-7.18,0],[0,-7.18],[7.18,0]],"v":[[-354,0],[-367,13],[-380,0],[-367,-13]],"c":true},"ix":2},"nm":"Path 1","mn":"ADBE Vector Shape - Group","hd":false},{"ty":"fl","c":{"a":0,"k":[0.8156862745098039,0.00784313725490196,0.10588235294117647,1],"ix":4},"o":{"a":0,"k":100,"ix":5},"r":1,"nm":".anim-mask","mn":"ADBE Vector Graphic - Fill","hd":false,"cl":"anim-mask"},{"ty":"tr","p":{"a":0,"k":[0,0],"ix":2},"a":{"a":0,"k":[0,0],"ix":1},"s":{"a":0,"k":[100,100],"ix":3},"r":{"a":0,"k":0,"ix":6},"o":{"a":0,"k":100,"ix":7},"sk":{"a":0,"k":0,"ix":4},"sa":{"a":0,"k":0,"ix":5},"nm":"Transform"}],"nm":"boltCircle","np":2,"cix":2,"ix":1,"mn":"ADBE Vector Group","hd":false}],"ip":0,"op":51,"st":0,"bm":0},{"ddd":0,"ind":7,"ty":4,"nm":"head","parent":9,"sr":1,"ks":{"o":{"a":0,"k":100,"ix":11},"r":{"a":0,"k":0,"ix":10},"p":{"a":0,"k":[-49,0,0],"ix":2,"x":"var $bm_rt;\nfunction slider(inputValue) {\n    var contrl = thisComp.layer('basicSlide');\n    var contrlCurVal1 = contrl('ADBE Effect Parade')(1)('ADBE Slider Control-0001');\n    var k1 = [\n            431,\n            480,\n            0\n        ];\n    var k2 = [\n            530,\n            480,\n            0\n        ];\n    k1 = unArray(k1);\n    k2 = unArray(k2);\n    if (contrlCurVal1 >= 0) {\n        var resultAdd1 = linear(contrlCurVal1, 0, 100, k1, k2);\n    } else {\n        var resultAdd1 = sum(k1, sum($bm_neg(linear($bm_neg(contrlCurVal1), 0, 100, k1, k2)), k1));\n    }\n    var myResult = sum(resultAdd1, sub(inputValue, k1));\n    return myResult;\n}\nfunction unArray(inKey) {\n    if (inKey instanceof Array && inKey.length === 1) {\n        return inKey[0];\n    } else {\n        return inKey;\n    }\n}\n$bm_rt = slider(value);"},"a":{"a":0,"k":[-49,0,0],"ix":1},"s":{"a":0,"k":[100,100,100],"ix":6}},"ao":0,"shapes":[{"ty":"gr","it":[{"ind":0,"ty":"sh","ix":1,"ks":{"a":0,"k":{"i":[[0,-60.199],[60.199,0],[0,60.199],[-60.199,0]],"o":[[0,60.199],[-60.199,0],[0,-60.199],[60.199,0]],"v":[[60,0],[-49,109],[-158,0],[-49,-109]],"c":true},"ix":2},"nm":"Path 1","mn":"ADBE Vector Shape - Group","hd":false},{"ty":"fl","c":{"a":0,"k":[0.8156862745098039,0.00784313725490196,0.10588235294117647,1],"ix":4},"o":{"a":0,"k":100,"ix":5},"r":1,"nm":".anim-color","mn":"ADBE Vector Graphic - Fill","hd":false,"cl":"anim-color"},{"ty":"tr","p":{"a":0,"k":[0,0],"ix":2},"a":{"a":0,"k":[0,0],"ix":1},"s":{"a":0,"k":[100,100],"ix":3},"r":{"a":0,"k":0,"ix":6},"o":{"a":0,"k":100,"ix":7},"sk":{"a":0,"k":0,"ix":4},"sa":{"a":0,"k":0,"ix":5},"nm":"Transform"}],"nm":"head","np":2,"cix":2,"ix":1,"mn":"ADBE Vector Group","hd":false}],"ip":0,"op":51,"st":0,"bm":0},{"ddd":0,"ind":8,"ty":4,"nm":"handle","parent":9,"sr":1,"ks":{"o":{"a":0,"k":100,"ix":11},"r":{"a":0,"k":0,"ix":10},"p":{"a":0,"k":[-223,0,0],"ix":2,"x":"var $bm_rt;\nfunction slider(inputValue) {\n    var contrl = thisComp.layer('basicSlide');\n    var contrlCurVal1 = contrl('ADBE Effect Parade')(1)('ADBE Slider Control-0001');\n    var k1 = [\n            257,\n            480,\n            0\n        ];\n    var k2 = [\n            704,\n            480,\n            0\n        ];\n    k1 = unArray(k1);\n    k2 = unArray(k2);\n    if (contrlCurVal1 >= 0) {\n        var resultAdd1 = linear(contrlCurVal1, 0, 100, k1, k2);\n    } else {\n        var resultAdd1 = sum(k1, sum($bm_neg(linear($bm_neg(contrlCurVal1), 0, 100, k1, k2)), k1));\n    }\n    var myResult = sum(resultAdd1, sub(inputValue, k1));\n    return myResult;\n}\nfunction unArray(inKey) {\n    if (inKey instanceof Array && inKey.length === 1) {\n        return inKey[0];\n    } else {\n        return inKey;\n    }\n}\n$bm_rt = slider(value);"},"a":{"a":0,"k":[-223,0,0],"ix":1},"s":{"a":0,"k":[100,100,100],"ix":6}},"ao":0,"shapes":[{"ty":"gr","it":[{"ind":0,"ty":"sh","ix":1,"ks":{"a":0,"k":{"i":[[0,0],[0,0]],"o":[[0,0],[0,0]],"v":[[-79,0],[-367,0]],"c":false},"ix":2},"nm":"Path 1","mn":"ADBE Vector Shape - Group","hd":false},{"ty":"st","c":{"a":0,"k":[0.8156862745098039,0.00784313725490196,0.10588235294117647,1],"ix":3},"o":{"a":0,"k":100,"ix":4},"w":{"a":0,"k":80,"ix":5},"lc":2,"lj":1,"ml":10,"ml2":{"a":0,"k":10,"ix":8},"nm":".anim-color","mn":"ADBE Vector Graphic - Stroke","hd":false,"cl":"anim-color"},{"ty":"tr","p":{"a":0,"k":[0,0],"ix":2},"a":{"a":0,"k":[0,0],"ix":1},"s":{"a":0,"k":[100,100],"ix":3},"r":{"a":0,"k":0,"ix":6},"o":{"a":0,"k":100,"ix":7},"sk":{"a":0,"k":0,"ix":4},"sa":{"a":0,"k":0,"ix":5},"nm":"Transform"}],"nm":"handle","np":2,"cix":2,"ix":1,"mn":"ADBE Vector Group","hd":false}],"ip":0,"op":51,"st":0,"bm":0},{"ddd":0,"ind":9,"ty":3,"nm":"wrenchMaster","parent":10,"sr":1,"ks":{"o":{"a":0,"k":0,"ix":11},"r":{"a":0,"k":0,"ix":10},"p":{"a":1,"k":[{"i":{"x":0.1,"y":1},"o":{"x":0.84,"y":0},"n":"0p1_1_0p84_0","t":23,"s":[0,0,0],"e":[72,0,0],"to":[12,0,0],"ti":[0,0,0]},{"i":{"x":0.16,"y":1},"o":{"x":0.9,"y":0},"n":"0p16_1_0p9_0","t":37,"s":[72,0,0],"e":[0,0,0],"to":[0,0,0],"ti":[12,0,0]},{"t":51}],"ix":2},"a":{"a":0,"k":[0,0,0],"ix":1},"s":{"a":0,"k":[100,100,100],"ix":6}},"ao":0,"ip":0,"op":51,"st":0,"bm":0},{"ddd":0,"ind":10,"ty":3,"nm":"wrenchRotation","sr":1,"ks":{"o":{"a":0,"k":0,"ix":11},"r":{"a":1,"k":[{"i":{"x":[0.16],"y":[1]},"o":{"x":[0.84],"y":[0]},"n":["0p16_1_0p84_0"],"t":0,"s":[0],"e":[180]},{"t":20}],"ix":10},"p":{"a":0,"k":[480,480,0],"ix":2},"a":{"a":0,"k":[0,0,0],"ix":1},"s":{"a":0,"k":[100,100,100],"ix":6}},"ao":0,"ip":0,"op":51,"st":0,"bm":0},{"ddd":0,"ind":11,"ty":4,"nm":"bg","sr":1,"ks":{"o":{"a":0,"k":100,"ix":11},"r":{"a":0,"k":0,"ix":10},"p":{"a":0,"k":[480,480,0],"ix":2},"a":{"a":0,"k":[0,0,0],"ix":1},"s":{"a":0,"k":[100,100,100],"ix":6}},"ao":0,"shapes":[{"ty":"rc","d":1,"s":{"a":0,"k":[960,960],"ix":2},"p":{"a":0,"k":[0,0],"ix":3},"r":{"a":0,"k":0,"ix":4},"nm":"Rectangle Path 1","mn":"ADBE Vector Shape - Rect","hd":false},{"ty":"fl","c":{"a":0,"k":[1,1,1,1],"ix":4},"o":{"a":0,"k":100,"ix":5},"r":1,"nm":".anim-mask","mn":"ADBE Vector Graphic - Fill","hd":false,"cl":"anim-mask"}],"ip":0,"op":51,"st":0,"bm":0}],"markers":[]}